MaKH,HoTen,SoDienThoai,BacHoiVien,TongChiTieu,NgayDangKy
KH01,Nguyễn Văn A,0123123123,THUONG,0,01/01/2025
KH02,Lê Thị B,0123412345,THUONG,0,01/01/2025
KH04,Lê Viết C,0111222333,THUONG,0,01/01/2025
KH05,Đinh Khang D,0111112222,THUONG,0,01/01/2025
KH06,Trần Tấn E,0222233333,THUONG,0,01/10/2025
KH08,Nguyễn Thái H,0222244444,THUONG,0,01/01/2025
KH09,Trịnh Duy K,0333322221,THUONG,0,01/01/2025
KH10,Trần Thái Jack,0000011111,THUONG,0,20/11/2025
KH11,Vãng Lai,0113113113,THUONG,0,20/11/2025
KH12,Trần Vãng Lai,0159159159,THUONG,0,21/11/2025
